10,000 Hours (with Justin Bieber);
10,000 Hours (with Justin Bieber);
10,000 Hours (with Justin Bieber);
11 PM;
11 PM;
2002;
223's (feat. 9lokknine);
223's (feat. 9lokknine);
223's (feat. 9lokknine);
3 Nights;
3 Nights;
7 rings;
7 rings;
7 rings;
A Holly Jolly Christmas - Single Version;
Adicto (with Anuel AA & Ozuna);
Adicto (with Anuel AA & Ozuna);
Adicto (with Anuel AA & Ozuna);
Adore You;
Adore You;
Adore You;
Alfred - Interlude;
All Girls Are The Same;
All Girls Are The Same;
All I Want - From High School Musical: The Musical: The Series;
All I Want for Christmas Is You;
All I Want for Christmas Is You;
All of Me;
all the good girls go to hell;
Alone, Pt. II;
Alone, Pt. II;
Another One Bites The Dust - Remastered 2011;
Armed And Dangerous;
Aventura;
Aventura;
Aventura;
Ayy Macarena;
Ayy Macarena;
Ayy Macarena;
bad guy;
bad guy;
bad guy;
Ballin' (with Roddy Ricch);
Ballin' (with Roddy Ricch);
Ballin' (with Roddy Ricch);
Bandit (with YoungBoy Never Broke Again);
Bandit (with YoungBoy Never Broke Again);
Bandit (with YoungBoy Never Broke Again);
Be Alright;
Be Alright;
Be Alright;
Beautiful People (feat. Khalid);
Beautiful People (feat. Khalid);
Beautiful People (feat. Khalid);
Before You Go;
Before You Go;
Before You Go;
Believer;
Believer;
Believer;
Bellaquita - Remix;
Bellaquita - Remix;
Bellaquita - Remix;
Better Now;
Better Now;
Better Now;
Big Drip;
Black Swan;
Blanche;
Blanco;
Blanco;
Blanco;
Blinding Lights;
Blinding Lights;
Blinding Lights;
Blue Christmas;
Blue World;
Bohemian Rhapsody - 2011 Mix;
Bohemian Rhapsody - 2011 Mix;
Bohemian Rhapsody - 2011 Mix;
BOP;
BOP;
BOP;
Boy With Luv (feat. Halsey);
Break My Stride;
Bruises;
Bruises;
Bruises;
bury a friend;
bury a friend;
bury a friend;
Callaita;
Callaita;
Callaita;
Calma - Remix;
Calma - Remix;
Can We Kiss Forever?;
Can We Kiss Forever?;
Can We Kiss Forever?;
Can't Hold Us - feat. Ray Dalton;
Candy;
Candy;
Canyon Moon;
Cheirosa - Ao Vivo;
Cherry;
China;
China;
China;
Christmas (Baby Please Come Home);
Christmas (Baby Please Come Home);
Christmas Lights;
Circles;
Circles;
Circles;
Circles;
Closer (feat. Halsey);
Combatchy (feat. MC Rebecca);
Complicated;
Con Altura;
Con Altura;
Con Altura;
Con Calma;
Con Calma;
Con Calma;
Dance Monkey;
Dance Monkey;
Dance Monkey;
Dancing With A Stranger (with Normani);
Dancing With A Stranger (with Normani);
Dancing With A Stranger (with Normani);
Dans l'espace (feat. Heuss l'Enfoiré);
Darkness;
Death;
DJ No Pare (feat. Zion, Dalex, Lenny Tavárez) - Remix;
DJ No Pare (feat. Zion, Dalex, Lenny Tavárez) - Remix;
DJ No Pare (feat. Zion, Dalex, Lenny Tavárez) - Remix;
Do They Know It's Christmas? - 1984 Version;
Don't Call Me Up;
Don't Start Now;
Don't Start Now;
Don't Start Now;
Don't Stop Me Now - 2011 Mix;
Driving Home for Christmas - 2019 Remaster;
Eastside (with Halsey & Khalid);
Eastside (with Halsey & Khalid);
Eastside (with Halsey & Khalid);
Eleven;
Everybody;
everything i wanted;
everything i wanted;
everything i wanted;
Fairytale of New York (feat. Kirsty MacColl);
Falling;
Falling;
Falling;
Falling;
Falling;
Falling;
Family;
Family;
Fantasias;
Fantasias;
Fantasias;
Fantasía;
Farewell;
Feliz Navidad;
Fine Line;
FML;
Futsal Shuffle 2020;
Futsal Shuffle 2020;
Futsal Shuffle 2020;
GANG GANG;
GATTI;
Get You The Moon (feat. Snøw);
Get You The Moon (feat. Snøw);
Get You The Moon (feat. Snøw);
Girls Like You (feat. Cardi B);
Girls Like You (feat. Cardi B);
Girls Like You (feat. Cardi B);
God's Plan;
Godzilla (feat. Juice WRLD);
Going Bad (feat. Drake);
Golden;
Good as Hell (feat. Ariana Grande) - Remix;
Good as Hell (feat. Ariana Grande) - Remix;
Good as Hell (feat. Ariana Grande) - Remix;
Good News;
Goodbyes (Feat. Young Thug);
Goodbyes (Feat. Young Thug);
Goodbyes (Feat. Young Thug);
goosebumps;
goosebumps;
goosebumps;
Graveyard;
Graveyard;
Graveyard;
Had Enough (feat. Quavo & Offset);
Hand Me Downs;
Hands;
Happier;
Happier;
Happier;
Happy Xmas (War Is Over) - Remastered;
Hate Me (with Juice WRLD);
Hate Me (with Juice WRLD);
Hate Me (with Juice WRLD);
Havana (feat. Young Thug);
Have Yourself A Merry Little Christmas;
Heartless;
Heartless;
Heartless;
High Fashion (feat. Mustard);
High Hopes;
High Hopes;
High Hopes;
Higher Love;
Higher Love;
Higher Love;
HIGHEST IN THE ROOM;
HIGHEST IN THE ROOM;
HIGHEST IN THE ROOM;
HIGHEST IN THE ROOM (feat. ROSALÍA & Lil Baby) - REMIX;
HIGHEST IN THE ROOM (feat. ROSALÍA & Lil Baby) - REMIX;
Hola - Remix;
Hola - Remix;
Hola - Remix;
Holly Jolly Christmas;
Hot (Remix) [feat. Gunna and Travis Scott];
Hot (Remix) [feat. Gunna and Travis Scott];
Hot (Remix) [feat. Gunna and Travis Scott];
hot girl bummer;
hot girl bummer;
hot girl bummer;
How Do You Sleep?;
How Do You Sleep?;
How Do You Sleep?;
I Can See;
I Don't Care (with Justin Bieber);
I Don't Care (with Justin Bieber);
I Don't Care (with Justin Bieber);
I Like Me Better;
I Like Me Better;
I Will (feat. KXNG Crooked, Royce Da 5'9 & Joell Ortiz);
I'll Be Home;
If I Can't Have You;
If I Can't Have You;
If I Can't Have You;
If The World Was Ending (feat. Julia Michaels);
If The World Was Ending (feat. Julia Michaels);
If The World Was Ending (feat. Julia Michaels);
In Too Deep;
Indeciso;
Indeciso;
Indeciso;
Infeliz;
Into the Unknown;
Into the Unknown;
It's Beginning to Look a Lot like Christmas;
It's Beginning to Look a Lot Like Christmas (with Mitchell Ayres & His Orchestra);
It's the Most Wonderful Time of the Year;
It's You;
It's You;
It's You;
JACKBOYS;
Jingle Bell Rock;
Jingle Bell Rock - Daryl's Version;
Jocelyn Flores;
Jocelyn Flores;
Jocelyn Flores;
July;
July;
July;
Kein Wort;
LA CANCIÓN;
LA CANCIÓN;
LA CANCIÓN;
Lalala;
Lalala;
Lalala;
Last Christmas;
Lean Wit Me;
Leaving Heaven (feat. Skylar Grey);
Legends;
Legends;
Let It Snow! Let It Snow! Let It Snow!;
Let It Snow! Let It Snow! Let It Snow! (with The B. Swanson Quartet);
Let Me Down Slowly;
Let Me Down Slowly;
Let Me Know (I Wonder Why Freestyle);
Let Me Know (I Wonder Why Freestyle);
Liar;
Liar;
Liar;
Liberdade Provisória;
Liberdade Provisória;
Liberdade Provisória;
Life Is Good (feat. Drake);
Lights Up;
Lights Up;
Lights Up;
Like It's Christmas;
Little Engine;
Lock It Up (feat. Anderson .Paak);
Loco Contigo (feat. J. Balvin & Tyga);
Loco Contigo (feat. J. Balvin & Tyga);
Loco Contigo (feat. J. Balvin & Tyga);
Look At Her Now;
Look At Her Now;
Look At Her Now;
Lose Control;
Lose Control;
Lose Control;
Lose You To Love Me;
Lose You To Love Me;
Lose You To Love Me;
lovely (with Khalid);
lovely (with Khalid);
lovely (with Khalid);
Lover (Remix) [feat. Shawn Mendes];
Lover (Remix) [feat. Shawn Mendes];
Lucid Dreams;
Lucid Dreams;
Lucid Dreams;
Maniac;
Maniac;
Marsh;
me & ur ghost;
Me Gusta;
Mean It;
Mean It;
Mean It;
Memories;
Memories;
Memories;
Merry Christmas Everyone;
MIDDLE CHILD;
MIDDLE CHILD;
MIDDLE CHILD;
Mistletoe;
Money In The Grave (Drake ft. Rick Ross);
Money In The Grave (Drake ft. Rick Ross);
Money In The Grave (Drake ft. Rick Ross);
Moonlight;
Moonlight;
Moonlight;
Morado;
Muévelo;
My Oh My (feat. DaBaby);
My Oh My (feat. DaBaby);
My Oh My (feat. DaBaby);
My Only Wish (This Year);
Ne reviens pas;
Ne reviens pas;
Never Love Again;
Never Seen the Rain;
Never Seen the Rain;
New Rules;
Nice To Meet Ya;
Nice To Meet Ya;
No Guidance (feat. Drake);
No Guidance (feat. Drake);
No Guidance (feat. Drake);
No Idea;
No Idea;
No Idea;
No Me Conoce - Remix;
No Me Conoce - Remix;
No Me Conoce - Remix;
No Regrets (feat. Don Toliver);
ocean eyes;
ocean eyes;
Old Town Road;
Old Town Road - Remix;
Old Town Road - Remix;
Old Town Road - Remix;
Once A Day;
One Kiss (with Dua Lipa);
One More Sleep;
Only Human;
Only Human;
Otro Trago - Remix;
Otro Trago - Remix;
Otro Trago - Remix;
OUT WEST (feat. Young Thug);
OUT WEST (feat. Young Thug);
Own It (feat. Ed Sheeran & Burna Boy);
Own It (feat. Ed Sheeran & Burna Boy);
Own It (feat. Ed Sheeran & Burna Boy);
Pa' Olvidarme De Ella;
Pa' Olvidarme De Ella;
Panini;
Panini;
Perfect;
Perfect;
Perfect;
Perreo en La Luna;
Perreo en La Luna;
Piece Of Your Heart;
Piece Of Your Heart;
Piece Of Your Heart;
Post Malone (feat. RANI);
Premonition - Intro;
Psycho;
Psycho;
Que Calor (with J Balvin & El Alfa);
Que Calor (with J Balvin & El Alfa);
QUE PRETENDES;
QUE PRETENDES;
QUE PRETENDES;
Que Tire Pa Lante;
Que Tire Pa Lante;
Que Tire Pa Lante;
Quizas;
Quizas;
Quizas;
Ransom;
Ransom;
Ransom;
Rare;
Ride It;
Ride It;
Ride It;
RITMO (Bad Boys For Life);
RITMO (Bad Boys For Life);
RITMO (Bad Boys For Life);
Robbery;
Robbery;
Robbery;
Rockin' Around The Christmas Tree;
rockstar (feat. 21 Savage);
rockstar (feat. 21 Savage);
rockstar (feat. 21 Savage);
Roller;
Roller;
Roses - Imanbek Remix;
Roses - Imanbek Remix;
Roses - Imanbek Remix;
ROXANNE;
ROXANNE;
ROXANNE;
Run Rudolph Run - Single Version;
SAD!;
SAD!;
SAD!;
Santa Baby;
Santa Claus Is Comin' to Town - Live at C.W. Post College, Greenvale, NY - December 1975;
Santa Claus Is Coming to Town;
Santa Claus Is Coming To Town;
Santa Tell Me;
Santa's Coming For Us;
Say So;
Say So;
Say You Won't Let Go;
Say You Won't Let Go;
Say You Won't Let Go;
SENTADÃO;
Señorita;
Señorita;
Señorita;
Shallow;
Shallow;
Shallow;
Shape of You;
Shape of You;
Shape of You;
She;
Si Te Vas;
Si Te Vas;
Si Te Vas;
SICKO MODE;
SICKO MODE;
SICKO MODE;
Sigues Con El;
Sigues Con El;
Sleigh Ride;
SLOW DANCING IN THE DARK;
Soltera - Remix;
Soltera - Remix;
Soltera - Remix;
Someone You Loved;
Someone You Loved;
Someone You Loved;
Something Just Like This;
South of the Border (feat. Camila Cabello & Cardi B);
South of the Border (feat. Camila Cabello & Cardi B);
South of the Border (feat. Camila Cabello & Cardi B);
Step Into Christmas;
Stepdad;
Still Learning;
Stuck In A Dream (feat. Gunna);
Stuck In A Dream (feat. Gunna);
Sucker;
Sucker;
Sucker;
SUGAR;
Suge;
Suge;
Suge;
Suicidal;
Suicidal;
Sum 2 Prove;
Sunday Best;
Sunflower - Spider-Man: Into the Spider-Verse;
Sunflower - Spider-Man: Into the Spider-Verse;
Sunflower - Spider-Man: Into the Spider-Verse;
Sunflower, Vol. 6;
Surf;
Surtada - Remix Brega Funk;
Sweet but Psycho;
Sweet but Psycho;
Sweet but Psycho;
Take What You Want (feat. Ozzy Osbourne & Travis Scott);
Take What You Want (feat. Ozzy Osbourne & Travis Scott);
Takeaway;
Takeaway;
Taki Taki (feat. Selena Gomez, Ozuna & Cardi B);
Talk (feat. Disclosure);
Talk (feat. Disclosure);
thank u, next;
thank u, next;
thank u, next;
That's On Me;
The Box;
The Box;
The Box;
The Christmas Song (Merry Christmas To You);
The London (feat. J. Cole & Travis Scott);
The London (feat. J. Cole & Travis Scott);
Those Kinda Nights (feat. Ed Sheeran);
Thunder;
To Be So Lonely;
TOES (feat. Lil Baby & Moneybagg Yo);
Track Name;
Track Name;
Track Name;
Trampoline;
Trampoline (with ZAYN);
Trampoline (with ZAYN);
Treat People With Kindness;
Truth Hurts;
Truth Hurts;
Truth Hurts;
Tudo Ok;
Turn Me On (feat. Vula);
Turn Me On (feat. Vula);
Tusa;
Tusa;
Tusa;
Tutu;
Tutu;
Tutu;
Unaccommodating (feat. Young M.A);
Underneath the Tree;
Up All Night;
Up All Night;
VALENTINO;
VALENTINO;
Vete;
Vete;
Vete;
VIBEZ;
VIBEZ;
VIBEZ;
Wake Me Up;
Watermelon Sugar;
Watermelon Sugar;
Watermelon Sugar;
What A Man Gotta Do;
WHAT TO DO? (feat. Don Toliver);
when the party's over;
when the party's over;
when the party's over;
Whine Up;
Whine Up;
Whine Up;
White Christmas;
wish you were gay;
Without Me;
Without Me;
Without Me;
Woah;
Woah;
Woah;
Wonderful Christmastime [Edited Version] - Remastered 2011 / Edited Version;
Woods;
Wow.;
Wow.;
Wow.;
Writing on the Wall (feat. Post Malone, Cardi B & Rvssian);
Yah Yah (feat. Royce Da 5'9, Black Thought, Q-Tip & Denaun);
Yellow Hearts;
Yellow Hearts;
Yellow Hearts;
Yo x Ti, Tu x Mi;
Yo x Ti, Tu x Mi;
Yo x Ti, Tu x Mi;
You Gon’ Learn (feat. Royce Da 5'9 & White Gold);
You Need To Calm Down;
You should be sad;
Youngblood;
Youngblood;
Youngblood;
Yummy;
